6CU7315VTA,172.25.10.13,C19-28U,3-402
6CU7315VTF,172.25.10.14,C19-30U,3-402
6CU7315VTM,172.25.10.15,C19-32U,3-402
6CU7315VTT,172.25.10.16,C19-34U,3-402
6CU7315VV0,172.25.10.17,C20-4U,3-402
6CU7315VV5,172.25.10.18,C20-6U,3-402
6CU7315VVA,172.25.10.19,C20-8U,3-402
6CU7315VVF,172.25.10.20,C20-10U,3-402
6CU7315VVM,172.25.10.21,C20-12U,3-402
6CU7315VVT,172.25.10.22,C20-14U,3-402
6CU7315VW0,172.25.10.23,C20-16U,3-402
6CU7315VW5,172.25.10.24,C20-18U,3-402
6CU7315VWA,172.25.10.25,C20-20U,3-402
6CU7315VWF,172.25.10.26,C20-22U,3-402
6CU7315VWM,172.25.10.27,C20-24U,3-402
6CU7315VWT,172.25.10.28,C20-26U,3-402
6CU7315VX0,172.25.10.29,C20-28U,3-402
6CU7315VX5,172.25.10.30,C20-30U,3-402
6CU7315VXA,172.25.10.31,C20-32U,3-402
6CU7315VXF,172.25.10.32,C20-34U,3-402
6CU7315VXM,172.25.10.33,C21-4U,3-402
6CU7315VXT,172.25.10.34,C21-6U,3-402
6CU7315VY0,172.25.10.35,C21-8U,3-402
6CU7315VY5,172.25.10.36,C21-10U,3-402
6CU7315VYA,172.25.10.37,C21-12U,3-402
6CU7315VYF,172.25.10.38,C21-14U,3-402
6CU7315VYM,172.25.10.39,C21-16U,3-402
6CU7315VYT,172.25.10.40,C21-18U,3-402
6CU7315W00,172.25.10.41,C21-20U,3-402
6CU7315W05,172.25.10.42,C21-22U,3-402
6CU7315W0A,172.25.10.43,C21-24U,3-402
6CU7315W0F,172.25.10.44,C21-26U,3-402
6CU7315W0M,172.25.10.45,C21-28U,3-402
6CU7315W0T,172.25.10.46,C21-30U,3-402
6CU7315W10,172.25.10.47,C21-32U,3-402
6CU7315W15,172.25.10.48,C21-34U,3-402
6CU7315W1A,172.25.12.49,D18-4U,3-402
6CU7315W1F,172.25.12.50,D18-6U,3-402
6CU7315W1M,172.25.12.51,D18-8U,3-402
6CU7315W1T,172.25.12.52,D18-10U,3-402
6CU7315W20,172.25.12.53,D18-12U,3-402
6CU7315W25,172.25.12.54,D18-14U,3-402
6CU7315W2A,172.25.12.55,D18-16U,3-402
6CU7315W2F,172.25.12.56,D18-18U,3-402
6CU7315W2M,172.25.12.57,D18-20U,3-402
6CU7315W2T,172.25.12.58,D18-22U,3-402
6CU7315W30,172.25.12.59,D18-24U,3-402
6CU7315W35,172.25.12.60,D18-26U,3-402
6CU7315W3A,172.25.12.61,D18-28U,3-402
6CU7315W3F,172.25.12.62,D18-30U,3-402
6CU7315W9M,172.25.13.17,E02-4U,3-402
6CU7315W9T,172.25.13.18,E02-6U,3-402
6CU7315WA0,172.25.13.19,E02-8U,3-402
6CU7315WA5,172.25.13.20,E02-10U,3-402
6CU7315WAA,172.25.13.21,E02-12U,3-402
6CU7315WAF,172.25.13.22,E02-14U,3-402
6CU7315WAM,172.25.13.23,E02-16U,3-402
6CU7315WAT,172.25.13.24,E02-18U,3-402
6CU7315WB0,172.25.13.25,E02-20U,3-402
6CU7315WB9,172.25.13.26,E02-22U,3-402
6CU7315WBL,172.25.13.27,E02-24U,3-402
6CU7315WBX,172.25.13.28,E02-26U,3-402
6CU7315WC9,172.25.13.29,E02-28U,3-402
6CU7315WCL,172.25.13.30,E02-30U,3-402
6CU7315WCY,172.25.13.31,E02-32U,3-402
6CU7315WD8,172.25.13.32,E02-34U,3-402
6CU7315WDL,172.25.13.33,E03-4U,3-402
6CU7315WDY,172.25.13.34,E03-6U,3-402
6CU7315WE9,172.25.13.35,E03-8U,3-402
6CU7315WEK,172.25.13.36,E03-10U,3-402
6CU7315WEX,172.25.13.37,E03-12U,3-402
6CU7315WF9,172.25.13.38,E03-14U,3-402
6CU7315WFL,172.25.13.39,E03-16U,3-402
6CU7315WFY,172.25.13.40,E03-18U,3-402
6CU7315WH9,172.25.13.41,E03-20U,3-402
6CU7315WHK,172.25.13.42,E03-22U,3-402
6CU7315WHP,172.25.12.63,D18-32U,3-402
6CU7315WJ3,172.25.13.43,E03-24U,3-402
6CU7315WJ5,172.25.12.64,D18-34U,3-402
6CU7315WJK,172.25.13.44,E03-26U,3-402
6CU7315WJL,172.25.12.65,D19-4U,3-402
6CU7315WK4,172.25.13.45,E03-28U,3-402
6CU7315WK6,172.25.12.66,D19-6U,3-402
6CU7315WKM,172.25.12.67,D19-8U,3-402
6CU7315WKN,172.25.13.46,E03-30U,3-402
6CU7315WL5,172.25.12.68,D19-10U,3-402
6CU7315WL6,172.25.13.47,E03-32U,3-402
6CU7315WLL,172.25.12.69,D19-12U,3-402
6CU7315WLM,172.25.13.48,E03-34U,3-402
6CU7315WM2,172.25.12.70,D19-14U,3-402
6CU7315WM3,172.25.13.49,E04-4U,3-402
6CU7315WMJ,172.25.13.50,E04-6U,3-402
6CU7315WMK,172.25.12.71,D19-16U,3-402
6CU7315WN2,172.25.13.51,E04-8U,3-402
6CU7315WN3,172.25.12.72,D19-18U,3-402
6CU7315WNH,172.25.12.73,D19-20U,3-402
6CU7315WNK,172.25.13.52,E04-10U,3-402
6CU7315WP1,172.25.12.74,D19-22U,3-402
6CU7315WP2,172.25.13.53,E04-12U,3-402
6CU7315WPH,172.25.12.75,D19-24U,3-402
6CU7315WPM,172.25.13.54,E04-14U,3-402
6CU7315WPT,172.25.12.76,D19-26U,3-402
6CU7315WR6,172.25.13.55,E04-16U,3-402
6CU7315WR9,172.25.12.77,D19-28U,3-402
6CU7315WRN,172.25.13.56,E04-18U,3-402
6CU7315WRS,172.25.12.78,D19-30U,3-402
6CU7315WS6,172.25.13.57,E04-20U,3-402
6CU7315WS8,172.25.12.79,D19-32U,3-402
6CU7315WSN,172.25.12.80,D19-34U,3-402
6CU7315WSR,172.25.13.58,E04-22U,3-402
6CU7315WT6,172.25.12.81,D20-4U,3-402
6CU7315WT8,172.25.13.59,E04-24U,3-402
6CU7315WTN,172.25.12.82,D20-6U,3-402
6CU7315WTR,172.25.13.60,E04-26U,3-402
6CU7315WV4,172.25.12.83,D20-8U,3-402
6CU7315WV9,172.25.13.61,E04-28U,3-402
6CU7315WVK,172.25.12.84,D20-10U,3-402
6CU7315WVT,172.25.13.62,E04-30U,3-402
6CU7315WW0,172.25.12.85,D20-12U,3-402
6CU7315WWB,172.25.13.63,E04-32U,3-402
6CU7315WWD,172.25.12.86,D20-14U,3-402
6CU7315WWW,172.25.13.64,E04-34U,3-402
6CU7315WWX,172.25.12.87,D20-16U,3-402
6CU7315WXB,172.25.13.65,E05-4U,3-402
6CU7315WXD,172.25.12.88,D20-18U,3-402
6CU7315WXV,172.25.13.66,E05-6U,3-402
6CU7315WXW,172.25.12.89,D20-20U,3-402
6CU7315WYB,172.25.12.90,D20-22U,3-402
6CU7315WYN,172.25.12.91,D20-24U,3-402
6CU7315WYW,172.25.12.92,D20-26U,3-402
6CU7315X08,172.25.12.93,D20-28U,3-402
6CU7315X0K,172.25.12.94,D20-30U,3-402
6CU7315X0V,172.25.12.95,D20-32U,3-402
6CU7315X11,172.25.12.96,D20-34U,3-402
6CU7315X16,172.25.13.1,E01-4U,3-402
6CU7315X1B,172.25.13.2,E01-6U,3-402
6CU7315X1H,172.25.13.3,E01-8U,3-402
6CU7315X1N,172.25.13.4,E01-10U,3-402
6CU7315X1V,172.25.13.5,E01-12U,3-402
6CU7315X21,172.25.13.6,E01-14U,3-402
6CU7315X26,172.25.13.7,E01-16U,3-402
6CU7315X2B,172.25.13.8,E01-18U,3-402
6CU7315X2H,172.25.13.9,E01-20U,3-402
6CU7315X2N,172.25.13.10,E01-22U,3-402
6CU7315X2V,172.25.13.11,E01-24U,3-402
6CU7315X31,172.25.13.12,E01-26U,3-402
6CU7315X36,172.25.13.13,E01-28U,3-402
6CU7315X3B,172.25.13.14,E01-30U,3-402
6CU7315X3H,172.25.13.15,E01-32U,3-402
6CU7315X3N,172.25.13.16,E01-34U,3-402
6CU7316477,172.25.15.30,E15-30U,3-402
6CU73164CJ,172.25.15.62,F01-30U,3-402
6CU73164CW,172.25.15.64,F01-34U,3-402
6CU73164D2,172.25.15.65,F02-4U,3-402
6CU73164D7,172.26.11.184,H17-18U,1-502
6CU73164DC,172.26.11.185,H17-20U,1-502
